;paper_id;step_id;annotator_id;answer;text;flagged
94;paper_0;FINISHED;52;;;False
0;paper_0;FINISHED;53;;;False
47;paper_0;FINISHED;6;;;False
95;paper_0;step001_42;52;;;False
1;paper_0;step001_42;53;;;False
48;paper_0;step001_42;6;;;False
96;paper_0;step002_44;52;;Fluorescent rna aptamers are an interesting tool for quantifying transcription. however, when tested in a cell-free expression system, no fluorescence is detected although successfully produce fluorescent rna aptamers does occur. the article describes this problem for the  expressway™ cell-free expression system and considers that similar issues may arise with other cell-free expression systems.;False
2;paper_0;step002_44;53;;The manuscript aims to proof the incompatibility of light-up aptamers with the comercial available cell-free expression system expressway.;False
49;paper_0;step002_44;6;;The article investigates the compatibility of fluorescent rna aptamers, ispinach and broccoli, with an e. coli extract based expressway cell-free expression system.;False
97;paper_0;step003_43;52;;The authors use pcr to amplify a dna template containing a t7 promoter, a downstream fluorophore-binding rna aptamer sequence, and a t7 terminator region. this amplicons they used in the expressway™ mini cell-free synthesis kit and supplemented dfhbi to do in vitro transcription. the reaction was measured in a spectrophotometer to detect fluorescence over time. rna purification was performed using a reliaprep™ rna miniprep system.;False
3;paper_0;step003_43;53;;The authors use in vitro transcription in the cell-free system for testing the effects on the light-up aptamers.;False
50;paper_0;step003_43;6;;The authors used pcr to amplify linear dna templates and purified the products with a kit. they used the expressway mini cell-free synthesis kit for their experiments. additionally, they tested a different rna aptamer transcription buffer. they measured the fluorescence with a spectrophotometer. finally, they performed an rna purification.;False
98;paper_0;step004_8;52;No;The authors describe issues with a common method used to quantifying transcription. no novel method is described. hence it is a method paper and the answer is 'no'.;False
4;paper_0;step004_8;53;No;The authors aim to better understand the compatibility of light-up aptamers and commercial cell-free systems.;False
51;paper_0;step004_8;6;No;The authors do not introduce a new method. instead, they test the compatibility of rna aptamers with a cell-free expression system. therefore, this is not a method paper.;False
99;paper_0;step006_4;52;;;False
5;paper_0;step006_4;53;;;False
52;paper_0;step006_4;6;;;False
100;paper_0;step007_7;52;['Figure 1 is a  xy-plot of the fluorescence intensity over time for in vitro transcription measurments of dfhbi-binding rna aptamer using the expressway™ cell-free expression system and a previously optimised rna aptamer transcription buffer  modified to be acetate based (aceotb).', 'Figure 2a) is a scheme of the procedure to do uv-visible spectroscopy of rna purification products. figure 2b) is a xy-plot showing the absorbance against the wavelength for calmodulin, broccoli and no dna to quantify the amount and relative purity of rna produced by expressway™ reactions. foigure 2c) is a bar graph showing the ratio of absorbance at 260nm / 280nm for rna purified from calmodulin, broccoli and no dna.'];;False
6;paper_0;step007_7;53;['Figure 1 consits of two graphs of fluorescnece signal over time.', 'Figure 2 shows a flowchart of the experimental approach, a graph of optical abosrbance over wace length and a bar plot of od260n to od280 ratio.'];;False
53;paper_0;step007_7;6;['Figure 1 shows two plots with the fluorescence intensity plotted over time. different colors show different experimental setups such as using expressway or aceotb. results are shown for ispinach in figure 1a and for broccoli in figure 1b.', 'Figure 2b shows the absorbance spectra of purified rna from different templates with the absorbance plotted over the wavelength. figure 2c is a bar chart showing the a260/a280 ratio for the different dna templates.'];;False
101;paper_0;step008_6;52;['The xy-plots in figure 1 show fluorescence over time in expressway™ solution and in aceotb in vitro transcription buffer for fluorescence produced by ispinach or broccoli transcription. for both no increase in fluorescence can be seen over time, when using the expressway™ solution.', 'The xy-plot in figure 2 implies the successfull in vitro transcription using the expressway mixture. the bar graph in figure 2 implies the rna samples are pure.'];;False
7;paper_0;step008_6;53;['The two graphs of figure 1 show that ispinach as well as broccoli do not exhibit any fluorescence when used in the expressway cell-free system. in the aceotb based in vitro transcription system, both dfhbi-based light-up aptamers showed fluorescence as expected.', 'The graph in figure 2 shows that the rna aptamer broccoli is expressed in the expressway cell-free system.'];;False
54;paper_0;step008_6;6;['The plot in figure 1a implies that fluorescence is only observed when using aceotb and ispinach. when adding superase, it does not lead to fluorescence when using expressway but it does increase the amount of fluorescence when using aceotb. the results are similar for broccoli, overall indicating that both aptamers do not show fluorescence when using expressway.', 'Figure 2b indicates that using only a small amount of dna template leads to results similar to a no dna control, resulting in barely any rna. including more dna produced rna amounts that are even higher than those from the control plasmid. figure 2c additionally implies that the acquired rna after purification is very pure as the 260/280 ratio is around 2.2.'];;False
102;paper_0;step009_71;52;['For bar-charts showing a standard deviation of multiple experiment runs i would expect low standard diviations and significance tested via t-test with a p-value <0.05.'];;False
8;paper_0;step009_71;53;['For repeted measurements i would expect to see standard deviation.'];;False
55;paper_0;step009_71;6;['For the fluorescence intensity plots, a drop in the intensity beneath the negative control/below zero would indicate that something was not working correctly. in general, a low standard deviation is best.', 'A typical absorbance spectrum of purified rna usually shows one peak at 260 nm while then dropping to almost zero. another peak at around 280 nm would indicate contaminations. similarly, a minimum would be expected at 230 nm. a 260/280 ratio of 2.0 is considered pure, with lower values indicating e.g. left-over phenol from the purification process.'];;False
103;paper_0;step010_72;52;Yes;The xy-plots for the different in vitro transcription setups show significant differences between the buffers used. however, no replicates are included and thus not significance could be tested. nevertheless, the paper just wants to show that there are problems with certain buffers. so, overall i would consider the plots as plausible with some minor restrictions.;False
9;paper_0;step010_72;53;No;Especially for the rna yields from the cell-free system, i would expect to see bar plots instead of the raw data graph. also the bar plot for the 260/280 ratio in figure 2 is very uncommon and has little to no significance.;False
56;paper_0;step010_72;6;Yes;The fluorescence intensity plots do not show any inexplicable deviations or negative fluorescence values. the absorbance spectra look as expected and the 260/280 ratios indicate pure rna. overall, i think that the figures are plausible.;False
104;paper_0;step011_28;52;['From figure 1 the author observe, that using expressway™ to synthesise dfhbi based fluorophore-binding rna aptamer yielded no apparent fluorescence for both, ispinach and broccoli. however, when aceotb is used, a fluorescence occures.', 'From figure 2 the authors observe, that still low amounts of dna template yielded negligible amounts of rna during in vitro transcription. furthermore, larger quantitiy of template dna produced greater rna quantities.'];;False
10;paper_0;step011_28;53;['When using the expressway cell-free system, the rna light-up aptamers ispinach and broccoli show no fluorescence.', 'The used templates for the rna aptamers lead to transcription of rna in the expressway cell-free system.', 'An increased amount of dna template leads to an increased rna yield in the cell-free system.'];;False
57;paper_0;step011_28;6;['From figure 1, the authors observe that ispinach and broccoli produce fluorescence in aceotb but not in expressway. in expressway, only a low level of background fluorescence is observed but no increase over time.', 'The authors observe that the addition of superase does not affect the expressway reactions and the effect in aceotb is negligible.', 'From figure 2b, the authors observe that a low amount of template dna yielded a negligible amount of rna while including larger quantities of dna produced greater quantities of rna. the amount was even higher than the control plasmid.'];;False
105;paper_0;step012_41;52;Yes;Overall the figures match the report resulting in the text. however, the authors miss to report the results of figure 2c) in the text. nevertheless, this is a minor inconsistencies, because, figure 2c) only shows the purity of the rna samples and hence my overall judgement is 'yes'.;False
11;paper_0;step012_41;53;Yes;Although the depiction of the reults in the figures is poorly chosen, the figures support the results stated in the text.;False
58;paper_0;step012_41;6;Yes;Overall, the text matches the figures. however, the authors state that the effect of superase in aceotb is negligible. while this may be true for broccoli, i do not think its effect on ispinach is exactly negligible as the use of superase leads to a maximum fluorescence of 150 while it only reaches around 80 with superase. additionally, the authors do not mention figure 2c in the text. while it may not be the most important result, they should still refer to it in the text. however, those are only minor inconsistencies that do not influence the main results obtained here. hence, i still think that the text and the figures match.;False
106;paper_0;step013_29;52;;Both ispinach (figure 1a) and broccoli (figure 1b) produce fluorescence in the dedicated rna aptamer aceotb, but neither aptamer appears to produce fluorescence in expressway™. rna purification results showed that a low starting mass of broccoli aptamer template dna (150ng) yielded negligible amounts of rna. including a larger quantity of dna (1200ng) produced greater quantities of rna (figure 2b) even more than the calmodulin control plasmid.;False
12;paper_0;step013_29;53;;Dfhbi-based rna light-up aptamers do not work in the expressway cell-free system, although the rna of the aptamers is transcribed.;False
59;paper_0;step013_29;6;;Both ispinach and broccoli produce fluorescence in aceotb but not in expressway. in expressway, only a low level of background fluorescence is observed but no increase over time is seen. the addition of superase does not affect the expressway reactions. a low amount of template dna yielded a negligible amount of rna while larger quantities of template dna produced greater amounts of rna that were even higher than the control. the acquired rna after purification appeared to be pure.;False
107;paper_0;step014_5;52;No;The figures do not seem to show obvious signs of tempering.;False
13;paper_0;step014_5;53;No;No signs of tempering are recognizable.;False
60;paper_0;step014_5;6;No;Nothing is over-plotted and the legends add up with the plot. no obvious signs of tempering can be observed.;False
108;paper_0;step015_73;52;Yes;The figures appear truthful and adhere to best scientific practice.;False
14;paper_0;step015_73;53;Yes;Although the style of figures and way of depicting the reults is poorly chosen.;False
61;paper_0;step015_73;6;Yes;The figures are plausible and show no signs of tempering. while figures and text did not match completely, the discrepancies were only minor. therefore, i think that the provided figures appear truthful.;False
109;paper_0;step016_25;52;['For spectrometric analyses of the rna amount i would expect an xy-chart where absorption is plotted over the wavelength.', 'For spectrometric analyses of the fluorescence intensity i would expect an xy-chart where the intensity is plotted over the time.'];;False
15;paper_0;step016_25;53;['For fluorescnece measuremnts, i expect bar plots representing the fleuorescence intensities of individual samples with standard deviation. best these samples are normalized to a positive control.', 'To show the raw fluorescence, i expect to see a graph of fluorescence intensity over wave length.', 'To represent the the amount of rna transcribed, i expect to see a bar plot of the rna amount detected.'];;False
62;paper_0;step016_25;6;"['For fluorescence measurements, i would expect a graph showing the fluorescence over time.', 'For rna purification, different figures could be expected. to show the purity, the absorbance spectra and/or the a260/a280 and a260/a230 ratios could be shown. (additionally, different kinds of gel electrophoresis could have been used to check purity; an image of the gel should then be included.).']";;False
110;paper_0;step017_58;52;No;Since the paper just shows the missing fluorescence of fluorescence rna aptamers during in vitro transcriptation and compare it to the acctual amount of rna transcribed, there are all needed figures given and no figures are missing. my answer is therefore 'no'.;False
16;paper_0;step017_58;53;Yes;"A bar graph of the maximum fluorescence of each sample would have been beneficial for understanding of the observed system.
also a proper figure for the rna amounts recovered from the cell-free system is missing, the presented graph is not sufficient to represent rna yields.";False
63;paper_0;step017_58;6;No;While i did suggest showing the purity of the rna with a gel image, i do not think this is an important missing figure. the a260/a230 ratio would have been a nice addition but as the whole absorbance spectrum is shown as a result, i would also not count it as an important missing figure. the point that the rna is very pure still comes across. hence, i do not think that important figures are missing.;False
111;paper_0;step018_59;52;No;While the figures seems mostly complete, there is textual reporting for figure 2c) missing. hence the answer is 'no'.;False
17;paper_0;step018_59;53;Yes;Although the overall scope of work is not sufficient for a scientific publication, the results seem complete for the aim of the work.;False
64;paper_0;step018_59;6;Yes;Overall, i think that the result reporting is complete. however, i do think that the two restrictions i mentioned when comparing text and figures should be corrected. but as there are no important figures missing, and the textual reporting was generally complete, i arrive at 'yes' as an answer.;False
112;paper_0;step019_60;52;Yes;The provided figures match with my expectations for these methods. hence, i give a 'yes'.;False
18;paper_0;step019_60;53;No;For rna yields to show raw data from a spectrometer is highly uncommon. also the fluorescence over time of different reaction settings is rather uncommon. it would be easier to understand the data when preparing bar plot for those data and providing more figures for a more detailed picture.;False
65;paper_0;step019_60;6;Yes;The display of the fluorescence intensity over time is a common choice for fluorescence measurements. the absorbance spectra and ratios that are shown in figure 2 are also a good choice for demonstrating rna purity. overall, i think that the provided figures are common choices.;False
113;paper_0;step020_74;52;Yes;The choice of figures is adequate, the truthfulness of figures is given, but the result reporting in the text is missing a relevant figure. however, i arrive at 'yes' as an answer.;False
19;paper_0;step020_74;53;Yes;The few resutls of this manuscript are reported in a overall adequate way.;False
66;paper_0;step020_74;6;Yes;The choice of figures is common and adequate and the figures are truthful. the result reporting, although with some minor restrictions, is complete. therefore, i think that the result reporting is overall adequate.;False
114;paper_0;step021_12;52;;;False
20;paper_0;step021_12;53;;;False
67;paper_0;step021_12;6;;;False
115;paper_0;step022_20;52;['The authors report, that the experiments shown in figure 1 show, that it seems that expressway™ is not suitable for dfhbi based aptamer synthesis.', 'The authors report, that the effects seen in figure 1 cannot be caused by rnase contamination as they added samples which were supplemented with superase.', 'The authors report, that the experiments shown in figure 2 suggest, that the expressway mixture is able to transcribe rna and thus the issue is not due to an inability to produce broccoli or ispinach rna.'];;False
21;paper_0;step022_20;53;['The inclusion of the rnase inhibitor superase in the expressway system had no effect on the fluorescnece of the light-up aptamers.', 'The expressway cell-free system led to transcribed rna, indicating that the aptamers are transcribed in the cell-free system.'];;False
68;paper_0;step022_20;6;['Ispinach and broccoli do not produce fluorescence in expressway which is not changed upon the addition of superase.', 'The authors report that with broccoli in expressway, a low starting mass of template dna led to a low amount of rna while a large quantity of dna led to a high amount of rna.'];;False
116;paper_0;step023_19;52;['The authors conclude that the expressway™ kit is incompatible with fluorophore-binding rna aptamers.'];;False
22;paper_0;step023_19;53;['The lack of fluorescence from the rna light-up aptamers is not caused by rna amounts, but by another reason.', 'The actual reason for the lack of fluorescence from the light-up aptamers styas unclear.'];;False
69;paper_0;step023_19;6;['The authors conclude that expressway is not suitable for dfhbi based aptamer synthesis.', 'The authors conclude that rnase contamination or endogenous rnases are not the issue that leads to the lack of fluorescence.', 'The authors conclude that the issue is not an inability to produce broccoli or ispinach rna.'];;False
117;paper_0;step024_18;52;['The authors speculatively conclude, that the reason for this lack of fluorescence could be due to additional components of the kit binding to the rna aptamers in a way that prevents the folding and secondary rna structures required to bind dfhbi.', 'The authors speculatively conclude that similar issues may arise with other cell-free expression systems, rna aptamers, and their corresponding fluorophores.'];;False
23;paper_0;step024_18;53;['The lack of fluorescnece of the light-up aptamers seem to be caused by an component of the cell-free system.', 'The problem seems to be a general problem of e. coli based cell-free systems.'];;False
70;paper_0;step024_18;6;['The authors speculate that a component of expressway is binding the dfhbi in a way that prevents rna aptamers from binding.'];;False
118;paper_0;step025_26;52;;None.;False
24;paper_0;step025_26;53;;The ion concentrations in the cell-free system could be a major factor for the function of the aptamer. also nucleases remaining in the cell-free system could potentially degrade the transcribed aptamers. also the ph in the cell-free system could interfere with the binding of the dfhbi and the aptamer. overall, the parameters in the cell-free system are the most important factors to influence the fluorescnece caused by dfhbi and the rna aptasmers ispinach and broccoli.;False
71;paper_0;step025_26;6;;I did a quick search but did not find anything that appeared relevant. most of the confounding factors (e.g. temperature that could impact fluorescence measurements) would be the same for all samples and can therefore be neglected.;False
119;paper_0;step026_30;52;['None.'];;False
25;paper_0;step026_30;53;['None.'];;False
72;paper_0;step026_30;6;['None.'];;False
120;paper_0;step027_33;52;['The interpretation that experiments shown in figure 1 show, that it seems that expressway™ is not suitable for dfhbi based aptamer synthesis matches with the results reported in the text and figures. no confounders known to me could make this interpretation incomplete.', 'The interpretation that the effects seen in figure 1 cannot be caused by rnase contamination as they added samples which were supplemented with superase match the results reported in the text and figures. no confounders known to me could make this interpretation incomplete.', 'The interpretation that the experiments shown in figure 2 suggest, that the expressway mixture is able to transcribe rna and thus the issue is not due to an inability to produce broccoli or ispinach rna match the results reported in the text and figures. no confounders known to me could make this interpretation incomplete.'];;False
26;paper_0;step027_33;53;['The cell-free system expressway does not allow fluoresncece from dfhbi and rna aptamers.', 'This lack of fluorescence is not caused by impaired transcription in the cell-free system.'];;False
73;paper_0;step027_33;6;['The interpretation that ispinach and broccoli do not produce fluorescence in expressway which is not changed upon the addition of superase matches the reported results and should not be affected by any confounders.', 'The interpretations that with broccoli in expressway, a low starting mass of template dna led to a low amount of rna while a large quantity of dna led to a high amount of rna matches the results displayed in the figures.'];;False
121;paper_0;step028_34;52;['The interpretations of the authors seems appropriate given the data.'];;False
27;paper_0;step028_34;53;['A rapid degradation of the rna aptamer could have caused loss of binding from the aptamers to their ligand dfhbi. in this case one would still detect amounts of rna in the mixture after precipitation, but the aptmaers would not function.', 'Unsuited buffer conditions in the cell-free system could prevent proper binding of dfhbi to the light-up aptamers. this could be caused by too low or too hihg concentrations of certain ions.', 'Misfolding of the rna aptamer due to incorrect transcription in the cell-free system also could prevent the system from possessing any fluorescence. in this case, the t7 could add several more nucleotides to the transcribed aptamer that lead to misfolding and ultimatly prevent binding of the ligand dfhbi.'];;False
74;paper_0;step028_34;6;['None.'];;False
122;paper_0;step029_98;52;No;Based on the results given to this specific tested buffer the authors do not omit important alternative interpretations.;False
28;paper_0;step029_98;53;No;For the little data set and scope of the manuscript, the interpretations seem mostly complete.;False
75;paper_0;step029_98;6;No;I do not think any alternative interpretations are missing. hence, the interpretations are complete.;False
123;paper_0;step030_35;52;['The authors conclution that the expressway™ kit is incompatible with fluorophore-binding rna aptamers is correctly and fully justified by the given interpretations.'];;False
29;paper_0;step030_35;53;['The lack of fluorescence from the rna light-up aptamers is not caused by rna amounts, but by another reason.', 'The actual reason for the lack of fluorescence from the light-up aptamers styas unclear.'];;False
76;paper_0;step030_35;6;['The conclusion that expressway is not suitable for dfhbi based aptamer synthesis is fully justified by the interpretation that ispinach and broccoli do not produce fluorescence in expressway.', 'The conclusion that rnase contamination or endogenous rnases are not the issue that leads to the lack of fluorescence is fully justified by the interpretation that no fluorescence is observed upon the addition of superase.', 'The conclusion that the issue is not an inability to produce broccoli rna is justified by the interpretation that large quantities of template dna led to a high amount of produced rna (this is only shown in the results for broccoli).'];;False
124;paper_0;step031_31;52;['The conclusion that the reason for the lack of fluorescence could be due to additional components of the kit binding to the rna aptamers in a way that prevents the folding and secondary rna structures required to bind dfhbi is speculativ and is not justified by any given interpretation.', 'The conclusion that similar issues may arise with other cell-free expression systems, rna aptamers, and their corresponding fluorophores  is speculativ and is not justified by any given interpretation.'];;False
30;paper_0;step031_31;53;['None.'];;False
77;paper_0;step031_31;6;['The conclusion that the issue is not an inability to produce ispinach rna cannot be fully justified by the interpretations as the purity of rna and quantities of produced rna are only shown for broccoli.'];;False
125;paper_0;step033_99;52;Yes;Based on that one buffer (expressway™) the research question is fully answered by the given conclusions. however, the speculative given conclutions are not shown in any results or interpretations of the authors. neverthless, the reseqrch question based on that one particular expressway™ kit, my answer is 'yes'.;False
31;paper_0;step033_99;53;Yes;The research question are answered by the results.;False
78;paper_0;step033_99;6;Yes;The conclusions show an incompatibility of ispinach and broccoli in expressway answers the research question. additionally to testing the compatibility, the authors also tried to find reasons for their results, answering the research question even more detailed. hence, i think that the conclusions are complete.;False
126;paper_0;step034_50;52;['The authors investigate that rna purification of fluorescent rna aptamers using the expressway™ reaction show that transcription does occur, but does not result in a fluorescent product.'];;False
32;paper_0;step034_50;53;['Is expressway compatible with light-up aptamers?', 'Is the light-up aptamer influenced by the cell-free system or does the cell-free system influence transcription?'];;False
79;paper_0;step034_50;6;['The authors investigate the compatibility of two rna aptamers, ispinach and broccoli, in an e. coli extract based expressway cell-free expression system.'];;False
127;paper_0;step035_17;52;;No related work is discussed.;False
33;paper_0;step035_17;53;;Other cell-free system using procaryotic polymerases also fail to get fluorescence from dfhbi and light-up aptamers.;False
80;paper_0;step035_17;6;;The authors report the observation of a lack of fluorescence when using spinach2 aptamers using another e. coli extract system and dfhbi-1t.;False
128;paper_0;step048_x;52;Yes;Generally, the paper seems well-written and it is easy to follow the main line of argument. however, the wording and grammar are of poor quality. overall, i still arrive at 'yes' as an answer.;False
34;paper_0;step048_x;53;Yes;The paper appears clear in its style of writing and the figures are esay to understand.;False
81;paper_0;step048_x;6;Yes;The paper is well-written and easy to understand. the authors manage to describe their aim clearly and it is easy to follow the main line of argument. the figures have proper captions. i did not notice any language issues. hence, i arrive at 'yes' as an answer.;False
129;paper_0;step36_14;52;;No related work is discussed.;False
35;paper_0;step36_14;53;;The authors only mention the common results from the other cell-free system promega s30 and suggest that the observed problems are a common problem of these cell-free systems.;False
82;paper_0;step36_14;6;;The authors highlight that their observation that no fluorescence can be observed has been made previously with another aptamer, extract system, and fluorophor.;False
130;paper_0;step37_102;52;['There is no related work known to me, which is missing.'];;False
36;paper_0;step37_102;53;['None.'];;False
83;paper_0;step37_102;6;['I did a quick search but did not find anything that is of interest.'];;False
131;paper_0;step38_103;52;;No related work is discussed.;False
37;paper_0;step38_103;53;;Yes, with the little work done in this manuscript, there are no other referecnes missing.;False
84;paper_0;step38_103;6;;While i generally think more related work results would be beneficial, my quick search did not yield papers reporting similar/different observations, indicating that this issue may not have been investigated a lot. the authors do contextualize their results a little bit with a related work result that indicates that the reported incompatibility may not be an isolated case. therefore, while the contextualization is not ideal, i still think it is sufficient and the presented related results are appropriate.;False
132;paper_0;step39_104;52;No;No related work is discussed.;False
38;paper_0;step39_104;53;Yes;With one publication reporting similar results from another procaryotic, cell-free system, the results seem plausible.;False
85;paper_0;step39_104;6;Yes;The related work result discussed here matches the results reported in this paper. i did not find any papers reporting different results. hence, i think that the results appear plausible.;False
133;paper_0;step40_13;52;['No related work is discussed.'];;False
39;paper_0;step40_13;53;['No.'];;False
86;paper_0;step40_13;6;['The authors mention that dfhbi-binding aptamers are functional in e. coli when used in vivo and state that this makes it difficult to say which mechanism may prevent this in expressway.'];;False
134;paper_0;step41_15;52;['The authors do not compare their results to any related work. however, there is no related work known to me, the results reported in this paper alone do not confirm most of the given conclusions.'];;False
40;paper_0;step41_15;53;['None.'];;False
87;paper_0;step41_15;6;['As mentioned before, my quick search did not reveal any papers that appear important (at least none that were published at the time this manuscript was submitted).'];;False
135;paper_0;step42_x;52;No;No related work is discussed in the conclusion. the overall conclusions of the paper are speculativ and not verified.;False
41;paper_0;step42_x;53;Yes;Since no conclusions were discussed.;False
88;paper_0;step42_x;6;Yes;The conclusion appears to be correctly represented and the discussion seems to be appropriate.;False
136;paper_0;step43_96;52;No;Overall, no related work is discussed. additionally, the conclusions are manly speculative and not valide. hence. my answer is 'no'.;False
42;paper_0;step43_96;53;Yes;For the few results and cocnlusions, the contextualization seems fine.;False
89;paper_0;step43_96;6;Yes;Even though some more related work conclusions would be a nice addition to the discussion, this is again limited by the fact that this issue appears to be relatively new and there are barely any related works regarding this topic. and since there is some related work conclusion discussion present, i think that overall, the conclusions contextualization is, while rather short, still adequate.;False
137;paper_0;step44_105;52;No;The overall result reporting does not seem entirely appropriate, because some of the figures do not appear discussed. additionally, the conclusion of the authors is manly speculativ and not discussed to related work. hence, i would overall judge the results as not valid.;False
43;paper_0;step44_105;53;Yes;The few results presented seem scientifically correct, although they could have been presented in a better way.;False
90;paper_0;step44_105;6;Yes;The results appear plausible. they are sufficiently contextualized. the overall result reporting is adequate. hence, i arrive at 'yes' as an answer.;False
138;paper_0;step45_106;52;No;However, the one given conclustion, that the expressway™ is not suitable for fluorescence-binding rna aptamer transcription, is right an scientifically sound, the remaining conclutions are speculative and not valide. overall, due to the mismatch between the valid conclusions and the central research question, i don't consider the paper's conclusions as scientifically valid.;False
44;paper_0;step45_106;53;Yes;The authors can answer their research questions in a sufficient way and present tehir results in a scientific way to support their conclusions.;False
91;paper_0;step45_106;6;Yes;The conclusions are complete and fully answer the research question while even trying to provide explanations for the observed incompatibility. the results appear valid. given the provided discussion, the projective conclusion also seems appropriate. hence, i think that the conclusions are valid.;False
139;paper_0;step46_100;52;No;The authors fail to derive direct conclusions that are specific and relevant with respect to the challenging research questions. furthermore, the provided data are generall lab issues and not worth to be puplished, since in good scientific practice, this can be tested self-employed fastly, if having that particular issue.;False
45;paper_0;step46_100;53;No;The incompatibility of cell-free systems and rna light-up aptamers is common knowledge in the field. also the experiments carried out are too few and do not provide any significnat insights into the studied phenomenon.;False
92;paper_0;step46_100;6;Yes;The authors manage to derive direct conclusions that fully answer their research question. however, as there are not a lot of related works used for contextualization, i am not sure how relevant this issue truly is. nevertheless, while maybe not highly important, i still think that their conclusions are relevant to their scientific field.;False
140;paper_0;step47_x;52;No;Considering the specificity of the results to only one particular buffer (expressway™) i do not consider the results and with this the paper a valuable contribution to the scientific community. furthermore, the authors failed to discuss their work to related work and overall made conclusions based on speculations.;False
46;paper_0;step47_x;53;No;The entire scope of the presented manuscript is way too small to have any value for the research community. also the reuslting insight into the topic are useless, since the described problem is already know. the authors should have investigated more possible factors for the phenomenon to create a valuble publicaiton, what they did not.;False
93;paper_0;step47_x;6;Yes;The conclusions are valid and appear to have at least some degree of relevance. therefore, i do consider this paper a good contribution to the scientific community.;False
